{
  "preset_info": {
    "title": "UC Live Background ",
    "description": "",
    "author": "William Greenlaw ",
    "email": "",
    "archive": "kfile://org.kustom.sdcard.000/wallpapers/delux.klwp.zip/",
    "version": 9,
    "width": 540,
    "height": 960
  },
  "preset_root": {
    "internal_type": "RootLayerModule",
    "globals_list": {
      "tap": {
        "index": 1,
        "type": "SWITCH",
        "title": "tap",
        "value": 0
      }
    },
    "background_color": "#FF41434A",
    "position_padding_top": 0.0,
    "position_padding_bottom": 0.0,
    "viewgroup_items": [
      {
        "internal_type": "BitmapModule",
        "position_anchor": "CENTER",
        "position_offset_x": -100.0,
        "position_offset_y": 0.0,
        "bitmap_bitmap": "kfile://org.kustom.provider/bitmaps/IMGc8af208a298619b0dda79feebf369385",
        "bitmap_width": 950.0,
        "bitmap_rotate": 180.0
      },
      {
        "internal_type": "ShapeModule",
        "position_anchor": "CENTER",
        "shape_type": "RECT",
        "shape_width": 1020.0,
        "shape_height": 1400.0,
        "paint_color": "#AE000000",
        "position_offset_x": 0.0,
        "shape_rotate_mode": "MANUAL",
        "shape_rotate_offset": 192,
        "fx_gradient_width": 53,
        "fx_gradient_offset": 39,
        "fx_bitmap_blur": 0.0,
        "fx_gradient_color": "#FF869BDB"
      },
      {
        "internal_type": "OverlapLayerModule",
        "position_anchor": "CENTER",
        "position_offset_y": 410.0,
        "internal_events": [
          {
            "action": "MUSIC"
          }
        ],
        "internal_animations": [
          {
            "type": "SWITCH",
            "trigger": "tap",
            "action": "SCALE_INVERTED",
            "duration": 7.0,
            "amount": 4.0,
            "ease": "INVERTED",
            "delay": 1.0
          },
          {
            "type": "SWITCH",
            "trigger": "tap",
            "action": "FADE_INVERTED",
            "duration": 4.0,
            "ease": "NORMAL"
          },
          {
            "type": "SWITCH",
            "trigger": "tap",
            "action": "FADE",
            "ease": "INVERTED",
            "duration": 5.0,
            "delay": 5.0
          }
        ],
        "position_offset_x": -20.0,
        "config_scale_value": 61.0,
        "viewgroup_items": [
          {
            "internal_type": "TextModule",
            "text_expression": "$if(mi(state)\u003dPLAYING,n,k)$ ",
            "text_size": 340.0,
            "text_family": "kfile://org.kustom.provider/fonts/music player icons.ttf",
            "position_padding_left": 0.0,
            "position_padding_right": 250.0,
            "paint_color": "#FF9772F9",
            "paint_style": "STROKE"
          },
          {
            "internal_type": "TextModule",
            "text_expression": "$if(mi(state)\u003dPLAYING,n,k)$ ",
            "text_size": 340.0,
            "text_family": "kfile://org.kustom.provider/fonts/music player icons.ttf",
            "position_padding_left": 2.0,
            "position_padding_right": 250.0,
            "paint_color": "#FF9772F9",
            "paint_style": "STROKE",
            "position_padding_top": 2.0,
            "position_padding_bottom": 2.0
          },
          {
            "internal_type": "TextModule",
            "text_expression": "o ",
            "text_size": 160.0,
            "text_family": "kfile://org.kustom.provider/fonts/music player icons.ttf",
            "position_padding_left": 325.0,
            "position_padding_top": 15.0,
            "position_padding_bottom": 0.0,
            "internal_events": [
              {
                "action": "MUSIC",
                "music_action": "NEXT"
              }
            ],
            "paint_style": "STROKE"
          },
          {
            "internal_type": "TextModule",
            "text_expression": "o ",
            "text_size": 160.0,
            "text_family": "kfile://org.kustom.provider/fonts/music player icons.ttf",
            "position_padding_left": 325.0,
            "position_padding_top": 16.0,
            "position_padding_bottom": 1.0,
            "internal_events": [
              {
                "action": "MUSIC",
                "music_action": "NEXT"
              }
            ],
            "paint_style": "STROKE",
            "position_padding_right": 1.0
          }
        ]
      },
      {
        "internal_type": "OverlapLayerModule",
        "position_anchor": "CENTERRIGHT",
        "position_offset_x": 37.0,
        "position_offset_y": 283.0,
        "internal_animations": [
          {
            "type": "SWITCH",
            "action": "SCALE_INVERTED",
            "ease": "INVERTED",
            "amount": 4,
            "duration": 7.0,
            "delay": 1.0,
            "trigger": "tap",
            "anchor": "MODULE_CENTER"
          },
          {
            "type": "SWITCH",
            "action": "FADE_INVERTED",
            "duration": 4.0,
            "trigger": "tap"
          },
          {
            "type": "SWITCH",
            "action": "FADE",
            "ease": "INVERTED",
            "duration": 5.0,
            "delay": 5.0,
            "trigger": "tap"
          }
        ],
        "viewgroup_items": [
          {
            "internal_type": "TextModule",
            "position_anchor": "CENTERRIGHT",
            "position_offset_x": 40.0,
            "position_offset_y": 340.0,
            "text_expression": "$mi(title)$",
            "text_size": 50.0,
            "text_family": "kfile://org.kustom.provider/fonts/CODE Bold.otf"
          }
        ]
      },
      {
        "internal_type": "OverlapLayerModule",
        "position_anchor": "CENTERRIGHT",
        "position_offset_x": 37.0,
        "position_offset_y": 320.0,
        "internal_animations": [
          {
            "type": "SWITCH",
            "action": "SCALE_INVERTED",
            "ease": "INVERTED",
            "amount": 4,
            "duration": 7.0,
            "delay": 1.0,
            "trigger": "tap",
            "anchor": "MODULE_CENTER"
          },
          {
            "type": "SWITCH",
            "action": "FADE_INVERTED",
            "duration": 4.0,
            "trigger": "tap"
          },
          {
            "type": "SWITCH",
            "action": "FADE",
            "ease": "INVERTED",
            "duration": 5.0,
            "delay": 5.0,
            "trigger": "tap"
          }
        ],
        "viewgroup_items": [
          {
            "internal_type": "TextModule",
            "position_anchor": "CENTERRIGHT",
            "position_offset_x": 40.0,
            "position_offset_y": 340.0,
            "text_expression": "$mi(artist)$",
            "text_size": 32.0,
            "text_family": "kfile://org.kustom.provider/fonts/CODE Light.otf"
          }
        ]
      },
      {
        "internal_type": "OverlapLayerModule",
        "position_anchor": "CENTERRIGHT",
        "position_offset_x": 37.0,
        "position_offset_y": 354.0,
        "internal_animations": [
          {
            "type": "SWITCH",
            "action": "SCALE_INVERTED",
            "ease": "INVERTED",
            "amount": 4,
            "duration": 7.0,
            "delay": 1.0,
            "trigger": "tap",
            "anchor": "MODULE_CENTER"
          },
          {
            "type": "SWITCH",
            "action": "FADE_INVERTED",
            "duration": 4.0,
            "trigger": "tap"
          },
          {
            "type": "SWITCH",
            "action": "FADE",
            "ease": "INVERTED",
            "duration": 5.0,
            "delay": 5.0,
            "trigger": "tap"
          }
        ],
        "viewgroup_items": [
          {
            "internal_type": "TextModule",
            "position_anchor": "CENTERRIGHT",
            "position_offset_x": 40.0,
            "position_offset_y": 340.0,
            "text_expression": "$tf(mi(pos), mm:ss)$",
            "text_size": 25.0,
            "text_family": "kfile://org.kustom.provider/fonts/CODE Light.otf"
          }
        ]
      },
      {
        "internal_type": "OverlapLayerModule",
        "position_anchor": "CENTERLEFT",
        "position_offset_x": 610.0,
        "position_offset_y": -455.0,
        "internal_animations": [
          {
            "type": "SWITCH",
            "speed": 16,
            "delay": 1.0,
            "trigger": "tap"
          },
          {
            "type": "SWITCH",
            "action": "FADE",
            "speed": 16,
            "duration": 5.0,
            "trigger": "tap"
          },
          {
            "type": "SWITCH",
            "action": "FADE_INVERTED",
            "ease": "INVERTED",
            "speed": 16,
            "duration": 5.0,
            "delay": 7.0,
            "trigger": "tap"
          }
        ],
        "config_scale_value": 100.0,
        "viewgroup_items": [
          {
            "internal_type": "TextModule",
            "position_anchor": "CENTERLEFT",
            "position_offset_x": 40.0,
            "position_offset_y": 340.0,
            "text_expression": "$wi(temp)$°",
            "text_size": 100.0,
            "text_family": "kfile://org.kustom.provider/fonts/CODE Bold.otf"
          }
        ]
      },
      {
        "internal_type": "OverlapLayerModule",
        "position_anchor": "CENTERRIGHT",
        "position_offset_x": 120.0,
        "position_offset_y": -473.0,
        "internal_animations": [
          {
            "type": "SWITCH",
            "speed": 16,
            "delay": 2.0,
            "trigger": "tap"
          },
          {
            "type": "SWITCH",
            "action": "FADE",
            "speed": 16,
            "duration": 5.0,
            "trigger": "tap",
            "delay": 1.0
          },
          {
            "type": "SWITCH",
            "action": "FADE_INVERTED",
            "ease": "INVERTED",
            "speed": 16,
            "duration": 5.0,
            "delay": 7.0,
            "trigger": "tap"
          }
        ],
        "viewgroup_items": [
          {
            "internal_type": "TextModule",
            "position_anchor": "CENTERRIGHT",
            "position_offset_x": 40.0,
            "position_offset_y": 340.0,
            "text_expression": "$wi(cond)$",
            "text_size": 31.0,
            "text_family": "kfile://org.kustom.provider/fonts/CODE Light.otf"
          },
          {
            "internal_type": "TextModule",
            "position_anchor": "CENTERRIGHT",
            "position_offset_x": 40.0,
            "position_offset_y": 340.0,
            "text_expression": "$wf(min, 0)$°$wi(tempu)$ | $wf(max, 0)$°$wi(tempu)$",
            "text_size": 23.0,
            "text_family": "kfile://org.kustom.provider/fonts/CODE Bold.otf",
            "position_padding_top": 65.0
          }
        ]
      },
      {
        "internal_type": "OverlapLayerModule",
        "position_anchor": "CENTERRIGHT",
        "position_offset_x": 40.0,
        "position_offset_y": 355.0,
        "internal_animations": [
          {
            "type": "SWITCH",
            "trigger": "tap",
            "speed": 16.0,
            "delay": 1.0
          },
          {
            "type": "SWITCH",
            "speed": 16,
            "trigger": "tap",
            "action": "FADE",
            "duration": 5.0
          },
          {
            "type": "SWITCH",
            "action": "FADE_INVERTED",
            "speed": 16,
            "duration": 5.0,
            "trigger": "tap",
            "delay": 7.0,
            "ease": "INVERTED"
          }
        ],
        "internal_events": [
          {
            "action": "LAUNCH_APP",
            "intent": "intent:#Intent;action\u003dandroid.intent.action.MAIN;category\u003dandroid.intent.category.LAUNCHER;component\u003dcom.google.android.deskclock/com.android.deskclock.DeskClock;S.org.kustom.intent.label\u003dClock;end"
          }
        ],
        "viewgroup_items": [
          {
            "internal_type": "TextModule",
            "position_anchor": "CENTERRIGHT",
            "position_offset_x": 40.0,
            "position_offset_y": 340.0,
            "text_expression": "$df(hh:mm)$",
            "text_size": 120.0,
            "text_family": "kfile://org.kustom.provider/fonts/CODE Light.otf"
          }
        ]
      },
      {
        "internal_type": "TextModule",
        "position_anchor": "CENTERRIGHT",
        "position_offset_x": 40.0,
        "position_offset_y": 430.0,
        "text_expression": "$tc(up, df(EEEE))$",
        "text_size": 52.0,
        "text_family": "kfile://org.kustom.provider/fonts/CODE Bold.otf",
        "internal_animations": [
          {
            "type": "SWITCH",
            "speed": 16,
            "delay": 2.0,
            "trigger": "tap"
          },
          {
            "type": "SWITCH",
            "action": "FADE",
            "speed": 16,
            "duration": 5.0,
            "trigger": "tap",
            "delay": 1.0
          },
          {
            "type": "SWITCH",
            "action": "FADE_INVERTED",
            "ease": "INVERTED",
            "speed": 16,
            "duration": 5.0,
            "delay": 7.0,
            "trigger": "tap"
          }
        ],
        "internal_events": [
          {
            "action": "LAUNCH_APP",
            "intent": "intent:#Intent;action\u003dandroid.intent.action.MAIN;category\u003dandroid.intent.category.LAUNCHER;component\u003dcom.google.android.deskclock/com.android.deskclock.DeskClock;S.org.kustom.intent.label\u003dClock;end"
          }
        ]
      },
      {
        "internal_type": "OverlapLayerModule",
        "position_anchor": "CENTER",
        "position_offset_x": -340.0,
        "position_offset_y": -20.0,
        "viewgroup_items": [
          {
            "internal_type": "ShapeModule",
            "position_offset_x": -330.0,
            "position_offset_y": -80.0,
            "shape_type": "RECT",
            "shape_width": 460.0,
            "shape_height": 1560.0,
            "shape_rotate_mode": "MANUAL",
            "shape_rotate_offset": 21.0,
            "fx_shadow": "OUTER",
            "fx_shadow_color": "#7D000000",
            "fx_shadow_distance": 19,
            "fx_shadow_blur": 60
          }
        ]
      },
      {
        "internal_type": "ShapeModule",
        "position_anchor": "CENTER",
        "position_offset_x": 80.0,
        "position_offset_y": 400.0,
        "shape_type": "RECT",
        "shape_width": 500.0,
        "shape_height": 1.0,
        "paint_color": "#98FFFFFF",
        "internal_animations": [
          {
            "type": "SWITCH",
            "action": "FADE",
            "duration": 3.0,
            "trigger": "tap",
            "delay": 2.0,
            "ease": "NORMAL"
          }
        ]
      },
      {
        "internal_type": "ShapeModule",
        "position_anchor": "CENTER",
        "position_offset_x": -330.0,
        "position_offset_y": -80.0,
        "shape_type": "RECT",
        "shape_width": 460.0,
        "shape_height": 1500.0,
        "shape_rotate_mode": "MANUAL",
        "shape_rotate_offset": 21.0,
        "fx_mask": "CLIP_ALL"
      },
      {
        "internal_type": "BitmapModule",
        "internal_animations": [
          {
            "type": "LOOP_2W",
            "action": "SCALE_INVERTED",
            "amount": 1,
            "duration": 70.0,
            "delay": 0.0
          },
          {
            "type": "SWITCH",
            "trigger": "tap",
            "action": "SCALE_INVERTED",
            "amount": 6.0,
            "duration": 5.0
          },
          {
            "type": "SWITCH",
            "trigger": "tap",
            "action": "FADE",
            "duration": 3.0
          }
        ],
        "position_anchor": "CENTER",
        "position_offset_x": -100.0,
        "position_offset_y": 0.0,
        "bitmap_bitmap": "kfile://org.kustom.provider/bitmaps/IMGfe0492e58ca5630d30da85e1a8fc6ec",
        "bitmap_width": 900.0
      },
      {
        "internal_type": "BitmapModule",
        "internal_animations": [
          {
            "type": "SWITCH",
            "trigger": "tap",
            "action": "SCALE_INVERTED",
            "amount": 6.0,
            "duration": 5.0,
            "ease": "INVERTED"
          },
          {
            "type": "SWITCH",
            "trigger": "tap",
            "action": "FADE",
            "duration": 3.0,
            "ease": "INVERTED"
          }
        ],
        "position_anchor": "CENTER",
        "position_offset_x": 0.0,
        "position_offset_y": 0.0,
        "bitmap_bitmap": "kfile://org.kustom.provider/bitmaps/IMG3078b8e65a9e880b8a1ff8ed1c6dc62e",
        "bitmap_width": 1280.0,
        "internal_toggles": {
          "bitmap_bitmap": 10
        },
        "internal_formulas": {
          "bitmap_bitmap": "$mi(cover)$"
        }
      },
      {
        "internal_type": "ShapeModule",
        "position_anchor": "CENTER",
        "position_offset_x": -330.0,
        "position_offset_y": -80.0,
        "shape_type": "RECT",
        "shape_width": 460.0,
        "shape_height": 1500.0,
        "shape_rotate_mode": "MANUAL",
        "shape_rotate_offset": 21.0,
        "paint_color": "#9B180F30"
      },
      {
        "internal_type": "OverlapLayerModule",
        "position_anchor": "CENTER",
        "position_offset_x": -300.0,
        "position_offset_y": -540.0,
        "viewgroup_items": [
          {
            "internal_type": "BitmapModule",
            "internal_events": [
              {
                "action": "SWITCH_GLOBAL",
                "switch": "tap"
              }
            ],
            "bitmap_bitmap": "kfile://org.kustom.provider/bitmaps/IMGdc3627c3f2e004cfbbeb438219f41529",
            "bitmap_width": 80.0
          },
          {
            "internal_type": "BitmapModule",
            "bitmap_bitmap": "kfile://org.kustom.provider/bitmaps/IMGccf74b05c665ffeab0d5c63f488b604a",
            "bitmap_width": 80.0,
            "internal_events": [
              {
                "action": "SWITCH_GLOBAL",
                "switch": "tap"
              }
            ],
            "position_padding_top": 145.0
          },
          {
            "internal_type": "BitmapModule",
            "bitmap_bitmap": "kfile://org.kustom.provider/bitmaps/IMG7630cb1671cec63ed51ed4e198fbe43f",
            "bitmap_width": 80.0,
            "position_padding_top": 295.0
          }
        ]
      },
      {
        "internal_type": "OverlapLayerModule",
        "position_anchor": "CENTERLEFT",
        "position_offset_x": 120.0,
        "position_offset_y": -540.0,
        "viewgroup_items": [
          {
            "internal_type": "TextModule",
            "internal_events": [
              {
                "action": "SWITCH_GLOBAL",
                "switch": "tap"
              }
            ],
            "position_padding_left": 0.0,
            "position_padding_bottom": 0.0,
            "position_anchor": "CENTERLEFT",
            "text_expression": "HOME",
            "text_size": 22.0,
            "text_family": "kfile://org.kustom.provider/fonts/Future.ttf"
          },
          {
            "internal_type": "TextModule",
            "position_padding_left": 0.0,
            "position_padding_bottom": 0.0,
            "text_expression": "MUSIC",
            "text_family": "kfile://org.kustom.provider/fonts/Future.ttf",
            "internal_events": [
              {
                "action": "SWITCH_GLOBAL",
                "switch": "tap"
              }
            ],
            "position_padding_right": 0.0,
            "position_padding_top": 145.0,
            "position_anchor": "CENTERLEFT",
            "text_size": 22.0
          },
          {
            "internal_type": "TextModule",
            "position_padding_left": 0.0,
            "position_padding_bottom": 0.0,
            "text_expression": "BATT:$bi(level)$%",
            "text_family": "kfile://org.kustom.provider/fonts/Future.ttf",
            "position_padding_right": 0.0,
            "position_padding_top": 290.0,
            "position_anchor": "CENTERLEFT",
            "text_size": 22.0
          },
          {
            "internal_type": "TextModule",
            "internal_events": [
              {
                "action": "LAUNCH_APP",
                "intent": "intent:#Intent;action\u003dandroid.intent.action.MAIN;category\u003dandroid.intent.category.LAUNCHER;component\u003dcom.google.android.googlequicksearchbox/.SearchActivity;S.org.kustom.intent.label\u003dGoogle;end"
              }
            ],
            "position_padding_left": 0.0,
            "position_padding_right": 88.0,
            "position_padding_top": 425.0,
            "position_padding_bottom": 0.0,
            "text_expression": "[b]SEARCH[/b]",
            "text_family": "kfile://org.kustom.provider/fonts/fonts/Future.ttf"
          }
        ]
      },
      {
        "internal_type": "ShapeModule",
        "internal_title": "line select",
        "internal_animations": [
          {
            "type": "SWITCH",
            "trigger": "tap",
            "action": "SCALE_X",
            "anchor": "MODULE_LEFT",
            "duration": 3.0
          }
        ],
        "position_anchor": "CENTER",
        "position_offset_x": -195.0,
        "position_offset_y": -520.0,
        "shape_type": "RECT",
        "shape_width": 85.0,
        "shape_height": 4.0,
        "paint_color": "#FF9772F9"
      },
      {
        "internal_type": "ShapeModule",
        "internal_title": "line select",
        "internal_animations": [
          {
            "type": "SWITCH",
            "trigger": "tap",
            "action": "SCALE_X",
            "anchor": "MODULE_LEFT",
            "duration": 3.0,
            "ease": "INVERTED"
          }
        ],
        "position_anchor": "CENTER",
        "position_offset_x": -184.0,
        "position_offset_y": -445.0,
        "shape_type": "RECT",
        "shape_width": 110.0,
        "shape_height": 4.0,
        "paint_color": "#FF9772F9"
      }
    ]
  }
}